title,abstract,year,link
期刊论文标题 1,这是期刊ISSN 05779154 在 2024-2024 期间的论文摘要...,2024,https://example.com/journal1
期刊论文标题 2,这是期刊ISSN 05779154 在 2024-2024 期间的论文摘要...,2024,https://example.com/journal2
期刊论文标题 3,这是期刊ISSN 05779154 在 2024-2024 期间的论文摘要...,2024,https://example.com/journal3
期刊论文标题 4,这是期刊ISSN 05779154 在 2024-2024 期间的论文摘要...,2024,https://example.com/journal4
期刊论文标题 5,这是期刊ISSN 05779154 在 2024-2024 期间的论文摘要...,2024,https://example.com/journal5
期刊论文标题 6,这是期刊ISSN 05779154 在 2024-2024 期间的论文摘要...,2024,https://example.com/journal6
期刊论文标题 7,这是期刊ISSN 05779154 在 2024-2024 期间的论文摘要...,2024,https://example.com/journal7
期刊论文标题 8,这是期刊ISSN 05779154 在 2024-2024 期间的论文摘要...,2024,https://example.com/journal8
期刊论文标题 9,这是期刊ISSN 05779154 在 2024-2024 期间的论文摘要...,2024,https://example.com/journal9
期刊论文标题 10,这是期刊ISSN 05779154 在 2024-2024 期间的论文摘要...,2024,https://example.com/journal10
期刊论文标题 11,这是期刊ISSN 05779154 在 2024-2024 期间的论文摘要...,2024,https://example.com/journal11
期刊论文标题 12,这是期刊ISSN 05779154 在 2024-2024 期间的论文摘要...,2024,https://example.com/journal12
期刊论文标题 13,这是期刊ISSN 05779154 在 2024-2024 期间的论文摘要...,2024,https://example.com/journal13
期刊论文标题 14,这是期刊ISSN 05779154 在 2024-2024 期间的论文摘要...,2024,https://example.com/journal14
期刊论文标题 15,这是期刊ISSN 05779154 在 2024-2024 期间的论文摘要...,2024,https://example.com/journal15
